Provider Name,Address,Phone Number,Verified,Matched Data
ASSOCIATION FOR INDIVIDUAL DEVELOPMENT,309 W New Indian Trail Court,(630) 966-4000,True,"{'id': 'wQLaPt7budajR4g41DoEHQ', 'alias': 'association-for-individual-development-dekalb', 'name': 'Association for Individual Development', 'image_url': 'https://s3-media1.fl.yelpcdn.com/bphoto/8KrZH6N_CEfQCmfk1zhu5g/o.jpg', 'is_closed': False, 'url': 'https://www.yelp.com/biz/association-for-individual-development-dekalb?adjust_creative=zsVA8YuumurWDSuwPf69Hw&utm_campaign=yelp_api_v3&utm_medium=api_v3_business_search&utm_source=zsVA8YuumurWDSuwPf69Hw', 'review_count': 2, 'categories': [{'alias': 'walkinclinics', 'title': 'Walk-in Clinics'}], 'rating': 3.0, 'coordinates': {'latitude': 41.93078762788115, 'longitude': -88.74575399999999}, 'transactions': [], 'location': {'address1': '304 N 6th St', 'address2': 'Unit C', 'address3': None, 'city': 'DeKalb', 'zip_code': '60115', 'country': 'US', 'state': 'IL', 'display_address': ['304 N 6th St', 'Unit C', 'DeKalb, IL 60115']}, 'phone': '+18183755261', 'display_phone': '(818) 375-5261', 'distance': 88411.08072477432, 'business_hours': [], 'attributes': {'business_temp_closed': None, 'waitlist_reservation': None}}"
AURORA HOME CARE INC.,2970 Maria Ave Suite 210,(847) 559-1222,True,"{'id': 'K4lgrAMzZZxHYKKUjHxAYQ', 'alias': 'home-instead-naperville', 'name': 'Home Instead', 'image_url': 'https://s3-media2.fl.yelpcdn.com/bphoto/KGh7hUkq_ccVFV9PbHGmgA/o.jpg', 'is_closed': False, 'url': 'https://www.yelp.com/biz/home-instead-naperville?adjust_creative=zsVA8YuumurWDSuwPf69Hw&utm_campaign=yelp_api_v3&utm_medium=api_v3_business_search&utm_source=zsVA8YuumurWDSuwPf69Hw', 'review_count': 4, 'categories': [{'alias': 'homehealthcare', 'title': 'Home Health Care'}], 'rating': 2.0, 'coordinates': {'latitude': 41.78549, 'longitude': -88.13959}, 'transactions': [], 'location': {'address1': '500 E Ogden Ave', 'address2': 'Ste 204', 'address3': '', 'city': 'Naperville', 'zip_code': '60563', 'country': 'US', 'state': 'IL', 'display_address': ['500 E Ogden Ave', 'Ste 204', 'Naperville, IL 60563']}, 'phone': '+16306373360', 'display_phone': '(630) 637-3360', 'distance': 40488.278523275374, 'business_hours': [{'open': [{'is_overnight': True, 'start': '0600', 'end': '0530', 'day': 0}, {'is_overnight': True, 'start': '0600', 'end': '0530', 'day': 1}, {'is_overnight': True, 'start': '0600', 'end': '0530', 'day': 2}, {'is_overnight': True, 'start': '0600', 'end': '0530', 'day': 3}, {'is_overnight': True, 'start': '0600', 'end': '0530', 'day': 4}, {'is_overnight': True, 'start': '0600', 'end': '0530', 'day': 5}, {'is_overnight': True, 'start': '0600', 'end': '0530', 'day': 6}], 'hours_type': 'REGULAR', 'is_open_now': True}], 'attributes': {'business_temp_closed': None, 'waitlist_reservation': None}}"
BETHSHAN ASSOCIATION,12927 S MONITOR AVE,(708) 371-0800,True,"{'id': 'EA_GEbY99Cyhtfe73GP41w', 'alias': 'bethshan-association-south-holland', 'name': 'Bethshan Association', 'image_url': '', 'is_closed': False, 'url': 'https://www.yelp.com/biz/bethshan-association-south-holland?adjust_creative=zsVA8YuumurWDSuwPf69Hw&utm_campaign=yelp_api_v3&utm_medium=api_v3_business_search&utm_source=zsVA8YuumurWDSuwPf69Hw', 'review_count': 0, 'categories': [], 'rating': 0.0, 'coordinates': {'latitude': 41.602382, 'longitude': -87.609291}, 'transactions': [], 'location': {'address1': '271 E 161st St', 'address2': '', 'address3': '', 'city': 'South Holland', 'zip_code': '60473', 'country': 'US', 'state': 'IL', 'display_address': ['271 E 161st St', 'South Holland, IL 60473']}, 'phone': '+17085962953', 'display_phone': '(708) 596-2953', 'distance': 34140.47758620096, 'business_hours': [], 'attributes': {'business_temp_closed': None, 'waitlist_reservation': None}}"
CENTER FOR DISABILITY SERVICES,311 S Reed Street,(815) 744-3500,True,"{'id': 'f7mnP2pkeJ-to_J4X7hwIQ', 'alias': 'cognitive-solutions-learning-center-chicago-4', 'name': 'Ari Goldstein', 'image_url': 'https://s3-media3.fl.yelpcdn.com/bphoto/MM_DQVG28b4ANZ6O32Ke6Q/o.jpg', 'is_closed': False, 'url': 'https://www.yelp.com/biz/cognitive-solutions-learning-center-chicago-4?adjust_creative=zsVA8YuumurWDSuwPf69Hw&utm_campaign=yelp_api_v3&utm_medium=api_v3_business_search&utm_source=zsVA8YuumurWDSuwPf69Hw', 'review_count': 24, 'categories': [{'alias': 'c_and_mh', 'title': 'Counseling & Mental Health'}], 'rating': 4.7, 'coordinates': {'latitude': 41.92574, 'longitude': -87.66782}, 'transactions': [], 'location': {'address1': '2419 N Ashland Ave', 'address2': '', 'address3': '', 'city': 'Chicago', 'zip_code': '60614', 'country': 'US', 'state': 'IL', 'display_address': ['2419 N Ashland Ave', 'Chicago, IL 60614']}, 'phone': '+17737551775', 'display_phone': '(773) 755-1775', 'distance': 2429.1698855192017, 'business_hours': [{'open': [{'is_overnight': False, 'start': '1000', 'end': '1800', 'day': 2}, {'is_overnight': False, 'start': '1000', 'end': '1800', 'day': 3}], 'hours_type': 'REGULAR', 'is_open_now': False}], 'attributes': {'business_temp_closed': None, 'waitlist_reservation': None}}"
CHALLENGE UNLIMITED INC,4 EMMIE L KAUS LN,(618) 465-0044,True,"{'formatted_address': '4 Emmie L, Emma L Kaus Ln, Alton, IL 62002, United States', 'name': 'Challenge Unlimited', 'place_id': 'ChIJsf_30R8CdogRBUGIJloZi8s'}"
"Chapman, Terrance",Not Available,(832) 755-5521,True,"{'id': 'IL4x2O_rmZKd6jUcBgseXg', 'alias': 'cajun-boil-and-bar-oakbrook-terrace-oakbrook-terrace', 'name': 'Cajun Boil & Bar - Oakbrook Terrace', 'image_url': 'https://s3-media2.fl.yelpcdn.com/bphoto/JFScVtcNi1kapFxv5pYy3A/o.jpg', 'is_closed': False, 'url': 'https://www.yelp.com/biz/cajun-boil-and-bar-oakbrook-terrace-oakbrook-terrace?adjust_creative=zsVA8YuumurWDSuwPf69Hw&utm_campaign=yelp_api_v3&utm_medium=api_v3_business_search&utm_source=zsVA8YuumurWDSuwPf69Hw', 'review_count': 539, 'categories': [{'alias': 'cajun', 'title': 'Cajun/Creole'}, {'alias': 'bars', 'title': 'Bars'}, {'alias': 'seafood', 'title': 'Seafood'}], 'rating': 3.0, 'coordinates': {'latitude': 41.8470155, 'longitude': -87.9708459}, 'transactions': ['delivery', 'pickup'], 'price': '$$$', 'location': {'address1': '17W512 W 22nd St', 'address2': '', 'address3': None, 'city': 'Oakbrook Terrace', 'zip_code': '60181', 'country': 'US', 'state': 'IL', 'display_address': ['17W512 W 22nd St', 'Oakbrook Terrace, IL 60181']}, 'phone': '+16302792888', 'display_phone': '(630) 279-2888', 'distance': 25112.034739152758, 'business_hours': [{'open': [{'is_overnight': False, 'start': '1200', 'end': '2200', 'day': 0}, {'is_overnight': False, 'start': '1200', 'end': '2200', 'day': 1}, {'is_overnight': False, 'start': '1200', 'end': '2200', 'day': 2}, {'is_overnight': False, 'start': '1200', 'end': '2200', 'day': 3}, {'is_overnight': False, 'start': '1200', 'end': '2300', 'day': 4}, {'is_overnight': False, 'start': '1200', 'end': '2300', 'day': 5}, {'is_overnight': False, 'start': '1200', 'end': '2200', 'day': 6}], 'hours_type': 'REGULAR', 'is_open_now': True}], 'attributes': {'business_temp_closed': None, 'menu_url': 'https://www.cajunboilandbar.com/menus', 'open24_hours': None, 'waitlist_reservation': None}}"
CHICAGO LIGHTHOUSE FOR THE BLIND,1850 W ROOSEVELT RD,(312) 666-1331,True,"{'id': '0wO6mPb8Z7J--vt8H88B9A', 'alias': 'the-chicago-lighthouse-vision-rehabilitation-center-glenview', 'name': 'The Chicago Lighthouse Vision Rehabilitation Center', 'image_url': 'https://s3-media4.fl.yelpcdn.com/bphoto/AAOwL9yisA5RrvhsvgVIwA/o.jpg', 'is_closed': False, 'url': 'https://www.yelp.com/biz/the-chicago-lighthouse-vision-rehabilitation-center-glenview?adjust_creative=zsVA8YuumurWDSuwPf69Hw&utm_campaign=yelp_api_v3&utm_medium=api_v3_business_search&utm_source=zsVA8YuumurWDSuwPf69Hw', 'review_count': 1, 'categories': [{'alias': 'nonprofit', 'title': 'Community Service/Non-Profit'}, {'alias': 'rehabilitation_center', 'title': 'Rehabilitation Center'}], 'rating': 5.0, 'coordinates': {'latitude': 42.059738, 'longitude': -87.800095}, 'transactions': [], 'location': {'address1': '222 Waukegan Rd', 'address2': None, 'address3': None, 'city': 'Glenview', 'zip_code': '60025', 'country': 'US', 'state': 'IL', 'display_address': ['222 Waukegan Rd', 'Glenview, IL 60025']}, 'phone': '+18475106200', 'display_phone': '(847) 510-6200', 'distance': 19941.958234534268, 'business_hours': [{'open': [{'is_overnight': False, 'start': '0900', 'end': '1700', 'day': 0}, {'is_overnight': False, 'start': '0900', 'end': '1700', 'day': 1}, {'is_overnight': False, 'start': '0900', 'end': '1700', 'day': 2}, {'is_overnight': False, 'start': '0900', 'end': '1700', 'day': 3}, {'is_overnight': False, 'start': '0900', 'end': '1700', 'day': 4}], 'hours_type': 'REGULAR', 'is_open_now': False}], 'attributes': {'business_temp_closed': None, 'waitlist_reservation': None}}"
CLEARBROOK,1835 WEST CENTRAL ROAD,(847) 870-7711,True,"{'id': 'UzY10ZfxBbkjTOgiMYr20w', 'alias': 'clearbrook-arlington-heights', 'name': 'Clearbrook', 'image_url': 'https://s3-media2.fl.yelpcdn.com/bphoto/w5C8vWuSnI5IYb8_A62u7A/o.jpg', 'is_closed': False, 'url': 'https://www.yelp.com/biz/clearbrook-arlington-heights?adjust_creative=zsVA8YuumurWDSuwPf69Hw&utm_campaign=yelp_api_v3&utm_medium=api_v3_business_search&utm_source=zsVA8YuumurWDSuwPf69Hw', 'review_count': 7, 'categories': [{'alias': 'nonprofit', 'title': 'Community Service/Non-Profit'}], 'rating': 2.3, 'coordinates': {'latitude': 42.0664936, 'longitude': -88.0059011}, 'transactions': [], 'location': {'address1': '1835 W Central Rd', 'address2': '', 'address3': '', 'city': 'Arlington Heights', 'zip_code': '60005', 'country': 'US', 'state': 'IL', 'display_address': ['1835 W Central Rd', 'Arlington Heights, IL 60005']}, 'phone': '+18478707711', 'display_phone': '(847) 870-7711', 'distance': 32479.5643698762, 'business_hours': [{'open': [{'is_overnight': False, 'start': '0900', 'end': '1700', 'day': 0}, {'is_overnight': False, 'start': '0900', 'end': '1700', 'day': 1}, {'is_overnight': False, 'start': '0900', 'end': '1700', 'day': 2}, {'is_overnight': False, 'start': '0900', 'end': '1700', 'day': 3}], 'hours_type': 'REGULAR', 'is_open_now': False}], 'attributes': {'business_temp_closed': None, 'waitlist_reservation': None}}"
COLEMAN TRI COUNTY SERVICES,PO BOX 869 - 22 Veterans Drive,(618) 252-0275,True,"{'formatted_address': 'Veterans Dr, Posen, IL 60469, USA', 'name': 'Veterans Dr', 'place_id': 'ChIJF-D-aSQjDogR-mUxX3Mlm0U'}"
CONSULTING PROFESSIONALS INC,6300 N RIDGE,(773) 973-6300,True,"{'id': 'siTswL9QsVfXdhRgrrugLQ', 'alias': 'digital-funds-inc-chicago', 'name': 'Digital Funds Inc.', 'image_url': 'https://s3-media2.fl.yelpcdn.com/bphoto/2XL7x0yXcdRgxitefJrpjw/o.jpg', 'is_closed': False, 'url': 'https://www.yelp.com/biz/digital-funds-inc-chicago?adjust_creative=zsVA8YuumurWDSuwPf69Hw&utm_campaign=yelp_api_v3&utm_medium=api_v3_business_search&utm_source=zsVA8YuumurWDSuwPf69Hw', 'review_count': 1, 'categories': [{'alias': 'businessconsulting', 'title': 'Business Consulting'}], 'rating': 5.0, 'coordinates': {'latitude': 41.88200186354478, 'longitude': -87.6254699}, 'transactions': [], 'location': {'address1': '67 E Madison St', 'address2': '', 'address3': None, 'city': 'Chicago', 'zip_code': '60603', 'country': 'US', 'state': 'IL', 'display_address': ['67 E Madison St', 'Chicago, IL 60603']}, 'phone': '+13125229709', 'display_phone': '(312) 522-9709', 'distance': 5036.558699236229, 'business_hours': [{'open': [{'is_overnight': False, 'start': '0900', 'end': '1700', 'day': 0}, {'is_overnight': False, 'start': '0900', 'end': '1700', 'day': 1}, {'is_overnight': False, 'start': '0900', 'end': '1700', 'day': 2}, {'is_overnight': False, 'start': '0900', 'end': '1700', 'day': 3}, {'is_overnight': False, 'start': '0900', 'end': '1700', 'day': 4}, {'is_overnight': False, 'start': '1200', 'end': '1500', 'day': 5}, {'is_overnight': False, 'start': '1200', 'end': '1500', 'day': 6}], 'hours_type': 'REGULAR', 'is_open_now': False}], 'attributes': {'business_temp_closed': None, 'waitlist_reservation': None}}"
CORNERSTONE SERVICES,777 JOYCE RD,(815) 727-6666,True,"{'id': '0QH83Ow8elwLuRK8OzNDdg', 'alias': 'cornerstone-kitchens-and-baths-chicago', 'name': 'Cornerstone Kitchens And Baths', 'image_url': 'https://s3-media3.fl.yelpcdn.com/bphoto/lzzIYMXZgi3b_wiLFPu5Kw/o.jpg', 'is_closed': False, 'url': 'https://www.yelp.com/biz/cornerstone-kitchens-and-baths-chicago?adjust_creative=zsVA8YuumurWDSuwPf69Hw&utm_campaign=yelp_api_v3&utm_medium=api_v3_business_search&utm_source=zsVA8YuumurWDSuwPf69Hw', 'review_count': 5, 'categories': [{'alias': 'cabinetry', 'title': 'Cabinetry'}, {'alias': 'tiling', 'title': 'Tiling'}, {'alias': 'kitchenandbath', 'title': 'Kitchen & Bath'}], 'rating': 4.4, 'coordinates': {'latitude': 41.922607049346, 'longitude': -87.7067280560732}, 'transactions': [], 'location': {'address1': '2247 N Kedzie Blvd', 'address2': None, 'address3': '', 'city': 'Chicago', 'zip_code': '60647', 'country': 'US', 'state': 'IL', 'display_address': ['2247 N Kedzie Blvd', 'Chicago, IL 60647']}, 'phone': '+17735733742', 'display_phone': '(773) 573-3742', 'distance': 3098.863698848892, 'business_hours': [{'open': [{'is_overnight': False, 'start': '0900', 'end': '1700', 'day': 0}, {'is_overnight': False, 'start': '0900', 'end': '1700', 'day': 1}, {'is_overnight': False, 'start': '0900', 'end': '1700', 'day': 2}, {'is_overnight': False, 'start': '0900', 'end': '1700', 'day': 3}, {'is_overnight': False, 'start': '0900', 'end': '1700', 'day': 4}], 'hours_type': 'REGULAR', 'is_open_now': False}], 'attributes': {'business_temp_closed': None, 'open24_hours': None, 'waitlist_reservation': None}}"
EPIC,1913 W Townline Rd,(309) 691-3800,True,"{'formatted_address': '1913 W Townline Rd, Peoria, IL 61615, United States', 'name': 'EP!C', 'place_id': 'ChIJkXFGCKtECogRJ7vLpe4a4cA'}"
ESPERANZA COMMUNITY SERVICES,520 N MARSHFIELD AVE,(312) 243-6097,True,"{'id': 'S6n8f0rZTRGnT36IisoBMw', 'alias': 'esperanza-community-services-chicago-3', 'name': 'Esperanza Community Services', 'image_url': '', 'is_closed': False, 'url': 'https://www.yelp.com/biz/esperanza-community-services-chicago-3?adjust_creative=zsVA8YuumurWDSuwPf69Hw&utm_campaign=yelp_api_v3&utm_medium=api_v3_business_search&utm_source=zsVA8YuumurWDSuwPf69Hw', 'review_count': 4, 'categories': [{'alias': 'nonprofit', 'title': 'Community Service/Non-Profit'}], 'rating': 3.0, 'coordinates': {'latitude': 41.8913116455078, 'longitude': -87.6687774658203}, 'transactions': [], 'location': {'address1': '520 N Marshfield Ave', 'address2': '', 'address3': '', 'city': 'Chicago', 'zip_code': '60622', 'country': 'US', 'state': 'IL', 'display_address': ['520 N Marshfield Ave', 'Chicago, IL 60622']}, 'phone': '+13122436097', 'display_phone': '(312) 243-6097', 'distance': 1693.9581676016824, 'business_hours': [{'open': [{'is_overnight': False, 'start': '0800', 'end': '1630', 'day': 0}, {'is_overnight': False, 'start': '0800', 'end': '1630', 'day': 1}, {'is_overnight': False, 'start': '0800', 'end': '1630', 'day': 2}, {'is_overnight': False, 'start': '0800', 'end': '1630', 'day': 3}, {'is_overnight': False, 'start': '0800', 'end': '1630', 'day': 4}], 'hours_type': 'REGULAR', 'is_open_now': False}], 'attributes': {'business_temp_closed': None, 'waitlist_reservation': None}}"
FOREST CITY BEHAVIOR AND DEVELOPMENT,9510 St Clair Ave,(618) 277-4100,True,"{'formatted_address': 'St Clair Ave, Beverly Shores, IN, USA', 'name': 'St Clair Ave', 'place_id': 'ChIJe-epmn-mEYgR6E-e5lmQ794'}"
GLENKIRK,3504 COMMERCIAL AVE.,(847) 272-5111,True,"{'id': 'Ny4yWaK5S8EeXng82kvG4Q', 'alias': 'glenkirk-northbrook', 'name': 'Glenkirk', 'image_url': '', 'is_closed': False, 'url': 'https://www.yelp.com/biz/glenkirk-northbrook?adjust_creative=zsVA8YuumurWDSuwPf69Hw&utm_campaign=yelp_api_v3&utm_medium=api_v3_business_search&utm_source=zsVA8YuumurWDSuwPf69Hw', 'review_count': 0, 'categories': [], 'rating': 0.0, 'coordinates': {'latitude': 42.1471366882324, 'longitude': -87.8657684326172}, 'transactions': [], 'location': {'address1': '3504 Commercial Ave', 'address2': '', 'address3': '', 'city': 'Northbrook', 'zip_code': '60062', 'country': 'US', 'state': 'IL', 'display_address': ['3504 Commercial Ave', 'Northbrook, IL 60062']}, 'phone': '+18472725111', 'display_phone': '(847) 272-5111', 'distance': 31066.723023409275, 'business_hours': [], 'attributes': {'business_temp_closed': None, 'waitlist_reservation': None}}"
HELPING HAND CENTER,9649 W 55TH ST,(708) 352-3580,True,"{'id': 'ieGzHjkNbcLd-pNpWiLp8w', 'alias': 'helping-hand-center-countryside', 'name': 'Helping Hand Center', 'image_url': 'https://s3-media2.fl.yelpcdn.com/bphoto/HWWVypTpXLu_sH9RYz5SVA/o.jpg', 'is_closed': False, 'url': 'https://www.yelp.com/biz/helping-hand-center-countryside?adjust_creative=zsVA8YuumurWDSuwPf69Hw&utm_campaign=yelp_api_v3&utm_medium=api_v3_business_search&utm_source=zsVA8YuumurWDSuwPf69Hw', 'review_count': 5, 'categories': [{'alias': 'nonprofit', 'title': 'Community Service/Non-Profit'}, {'alias': 'specialed', 'title': 'Special Education'}], 'rating': 4.2, 'coordinates': {'latitude': 41.790126, 'longitude': -87.860694}, 'transactions': [], 'location': {'address1': '9649 W 55th St', 'address2': '', 'address3': '', 'city': 'Countryside', 'zip_code': '60525', 'country': 'US', 'state': 'IL', 'display_address': ['9649 W 55th St', 'Countryside, IL 60525']}, 'phone': '+17083523580', 'display_phone': '(708) 352-3580', 'distance': 19831.74950903318, 'business_hours': [], 'attributes': {'business_temp_closed': None, 'waitlist_reservation': None}}"
JOSEPH REHABILITATION CENTER,21209 SHANNON AVENUE,(708) 720-3315,True,"{'id': 'NdMd6OTOdX-x-Ysu3HmFjA', 'alias': 'st-joseph-village-of-chicago-chicago', 'name': 'St. Joseph Village of Chicago', 'image_url': 'https://s3-media2.fl.yelpcdn.com/bphoto/-b3nzfc-zgW3tClvhJHEtQ/o.jpg', 'is_closed': False, 'url': 'https://www.yelp.com/biz/st-joseph-village-of-chicago-chicago?adjust_creative=zsVA8YuumurWDSuwPf69Hw&utm_campaign=yelp_api_v3&utm_medium=api_v3_business_search&utm_source=zsVA8YuumurWDSuwPf69Hw', 'review_count': 12, 'categories': [{'alias': 'skillednursing', 'title': 'Skilled Nursing'}, {'alias': 'assistedliving', 'title': 'Assisted Living Facilities'}, {'alias': 'rehabilitation_center', 'title': 'Rehabilitation Center'}], 'rating': 2.8, 'coordinates': {'latitude': 41.938472, 'longitude': -87.728591}, 'transactions': [], 'location': {'address1': '4021 West Belmont Ave', 'address2': '', 'address3': '', 'city': 'Chicago', 'zip_code': '60641', 'country': 'US', 'state': 'IL', 'display_address': ['4021 West Belmont Ave', 'Chicago, IL 60641']}, 'phone': '+17733285500', 'display_phone': '(773) 328-5500', 'distance': 5608.36650147901, 'business_hours': [{'open': [{'is_overnight': False, 'start': '0800', 'end': '1800', 'day': 0}, {'is_overnight': False, 'start': '0800', 'end': '1800', 'day': 1}, {'is_overnight': False, 'start': '0800', 'end': '1800', 'day': 2}, {'is_overnight': False, 'start': '0800', 'end': '1800', 'day': 3}, {'is_overnight': False, 'start': '0800', 'end': '1800', 'day': 4}, {'is_overnight': False, 'start': '0800', 'end': '1800', 'day': 5}, {'is_overnight': False, 'start': '0800', 'end': '1800', 'day': 6}], 'hours_type': 'REGULAR', 'is_open_now': False}], 'attributes': {'business_temp_closed': None, 'waitlist_reservation': None}}"
KESHET,610 Academy Dr,(847) 205-1234,True,"{'id': '5UwXQ2T8U8eKo8NroaJ8eQ', 'alias': 'keshet-northbrook', 'name': 'Keshet', 'image_url': '', 'is_closed': False, 'url': 'https://www.yelp.com/biz/keshet-northbrook?adjust_creative=zsVA8YuumurWDSuwPf69Hw&utm_campaign=yelp_api_v3&utm_medium=api_v3_business_search&utm_source=zsVA8YuumurWDSuwPf69Hw', 'review_count': 0, 'categories': [], 'rating': 0.0, 'coordinates': {'latitude': 42.1411071, 'longitude': -87.8591065}, 'transactions': [], 'location': {'address1': '617 Landwehr Rd', 'address2': '', 'address3': '', 'city': 'Northbrook', 'zip_code': '60062', 'country': 'US', 'state': 'IL', 'display_address': ['617 Landwehr Rd', 'Northbrook, IL 60062']}, 'phone': '+18472051234', 'display_phone': '(847) 205-1234', 'distance': 30281.023907753995, 'business_hours': [], 'attributes': {'business_temp_closed': None, 'waitlist_reservation': None}}"
LITTLE CITY FOUNDATION,1760 W ALGONQUIN RD,(847) 358-5510,True,"{'id': 'A5Krxv0sqEm-rTHRtkY0GA', 'alias': 'little-city-foundation-chicago', 'name': 'Little City Foundation', 'image_url': '', 'is_closed': False, 'url': 'https://www.yelp.com/biz/little-city-foundation-chicago?adjust_creative=zsVA8YuumurWDSuwPf69Hw&utm_campaign=yelp_api_v3&utm_medium=api_v3_business_search&utm_source=zsVA8YuumurWDSuwPf69Hw', 'review_count': 1, 'categories': [{'alias': 'nonprofit', 'title': 'Community Service/Non-Profit'}], 'rating': 1.0, 'coordinates': {'latitude': 41.8934, 'longitude': -87.70274}, 'transactions': [], 'location': {'address1': '700 N Sacramento Blvd', 'address2': '', 'address3': '', 'city': 'Chicago', 'zip_code': '60612', 'country': 'US', 'state': 'IL', 'display_address': ['700 N Sacramento Blvd', 'Chicago, IL 60612']}, 'phone': '+17732651539', 'display_phone': '(773) 265-1539', 'distance': 2415.699332831739, 'business_hours': [], 'attributes': {'business_temp_closed': None, 'waitlist_reservation': None}}"
MARCFIRST,1606 HUNT DRIVE,(309) 451-8888,True,"{'id': 'bbhn11wPl-_HxOwPAeQIkQ', 'alias': 'marcfirst-normal', 'name': 'Marcfirst', 'image_url': '', 'is_closed': False, 'url': 'https://www.yelp.com/biz/marcfirst-normal?adjust_creative=zsVA8YuumurWDSuwPf69Hw&utm_campaign=yelp_api_v3&utm_medium=api_v3_business_search&utm_source=zsVA8YuumurWDSuwPf69Hw', 'review_count': 1, 'categories': [{'alias': 'nonprofit', 'title': 'Community Service/Non-Profit'}], 'rating': 5.0, 'coordinates': {'latitude': 40.5127565106044, 'longitude': -88.9540103}, 'transactions': [], 'location': {'address1': '1606 Hunt Dr', 'address2': None, 'address3': None, 'city': 'Normal', 'zip_code': '61761', 'country': 'US', 'state': 'IL', 'display_address': ['1606 Hunt Dr', 'Normal, IL 61761']}, 'phone': '+13094518888', 'display_phone': '(309) 451-8888', 'distance': 188063.1766795844, 'business_hours': [{'open': [{'is_overnight': False, 'start': '0800', 'end': '1530', 'day': 0}, {'is_overnight': False, 'start': '0800', 'end': '1530', 'day': 1}, {'is_overnight': False, 'start': '0800', 'end': '1530', 'day': 2}, {'is_overnight': False, 'start': '0800', 'end': '1530', 'day': 3}, {'is_overnight': False, 'start': '0800', 'end': '1530', 'day': 4}], 'hours_type': 'REGULAR', 'is_open_now': False}], 'attributes': {'business_temp_closed': None, 'waitlist_reservation': None}}"
MISERICORDIA HOME,6300 N RIDGE,(773) 973-6300,True,"{'id': 'NXKp9WeGpDgZOWzjVHqtJw', 'alias': 'rogers-park-chamber-of-commerce-chicago', 'name': 'Rogers Park Chamber of Commerce', 'image_url': 'https://s3-media1.fl.yelpcdn.com/bphoto/jmQhfJ7uraboM3ag0YnMVA/o.jpg', 'is_closed': False, 'url': 'https://www.yelp.com/biz/rogers-park-chamber-of-commerce-chicago?adjust_creative=zsVA8YuumurWDSuwPf69Hw&utm_campaign=yelp_api_v3&utm_medium=api_v3_business_search&utm_source=zsVA8YuumurWDSuwPf69Hw', 'review_count': 1, 'categories': [{'alias': 'publicservicesgovt', 'title': 'Public Services & Government'}], 'rating': 5.0, 'coordinates': {'latitude': 42.01788598169097, 'longitude': -87.6679455}, 'transactions': [], 'location': {'address1': '7455 N Greenview Ave', 'address2': 'Ste 317', 'address3': '', 'city': 'Chicago', 'zip_code': '60626', 'country': 'US', 'state': 'IL', 'display_address': ['7455 N Greenview Ave', 'Ste 317', 'Chicago, IL 60626']}, 'phone': '+17738500049', 'display_phone': '(773) 850-0049', 'distance': 12560.893244586283, 'business_hours': [{'open': [{'is_overnight': False, 'start': '0800', 'end': '2100', 'day': 0}, {'is_overnight': False, 'start': '0800', 'end': '2100', 'day': 1}, {'is_overnight': False, 'start': '0800', 'end': '2100', 'day': 2}, {'is_overnight': False, 'start': '0800', 'end': '2100', 'day': 3}, {'is_overnight': False, 'start': '0800', 'end': '2100', 'day': 4}, {'is_overnight': False, 'start': '0800', 'end': '2100', 'day': 5}, {'is_overnight': False, 'start': '0800', 'end': '2100', 'day': 6}], 'hours_type': 'REGULAR', 'is_open_now': True}], 'attributes': {'business_temp_closed': None, 'waitlist_reservation': None}}"
"NELSON, SCOTT",6036 NORTH WINCHESTER,(847) 626-4816,True,"{'id': 'RdV5pBghvEnz5P02TLW2oQ', 'alias': 'nelson-scott-m-libertyville', 'name': 'Nelson Scott M', 'image_url': 'https://s3-media3.fl.yelpcdn.com/bphoto/obZ8fyogqec0Cg0K7sHFIg/o.jpg', 'is_closed': False, 'url': 'https://www.yelp.com/biz/nelson-scott-m-libertyville?adjust_creative=zsVA8YuumurWDSuwPf69Hw&utm_campaign=yelp_api_v3&utm_medium=api_v3_business_search&utm_source=zsVA8YuumurWDSuwPf69Hw', 'review_count': 1, 'categories': [{'alias': 'divorce', 'title': 'Divorce & Family Law'}, {'alias': 'realestatelawyers', 'title': 'Real Estate Law'}], 'rating': 5.0, 'coordinates': {'latitude': 42.2732696533203, 'longitude': -87.9428634643555}, 'transactions': [], 'location': {'address1': '746 7th Ave', 'address2': '', 'address3': '', 'city': 'Libertyville', 'zip_code': '60048', 'country': 'US', 'state': 'IL', 'display_address': ['746 7th Ave', 'Libertyville, IL 60048']}, 'phone': '+18473676232', 'display_phone': '(847) 367-6232', 'distance': 46412.24329346177, 'business_hours': [{'open': [{'is_overnight': False, 'start': '0800', 'end': '1800', 'day': 0}, {'is_overnight': False, 'start': '0800', 'end': '1800', 'day': 1}, {'is_overnight': False, 'start': '0800', 'end': '1800', 'day': 2}, {'is_overnight': False, 'start': '0800', 'end': '1800', 'day': 3}, {'is_overnight': False, 'start': '0800', 'end': '1800', 'day': 4}], 'hours_type': 'REGULAR', 'is_open_now': False}], 'attributes': {'business_temp_closed': None, 'waitlist_reservation': None}}"
NEW STAR INC,1005 W END AVE,(708) 755-8030,True,"{'id': '7S02g_foeILFaEt5liKq2A', 'alias': 'new-star-transmission-inc-chicago', 'name': 'New Star Transmission Inc', 'image_url': 'https://s3-media2.fl.yelpcdn.com/bphoto/7T5KLOYttIqr4qPvbLUbhg/o.jpg', 'is_closed': False, 'url': 'https://www.yelp.com/biz/new-star-transmission-inc-chicago?adjust_creative=zsVA8YuumurWDSuwPf69Hw&utm_campaign=yelp_api_v3&utm_medium=api_v3_business_search&utm_source=zsVA8YuumurWDSuwPf69Hw', 'review_count': 19, 'categories': [{'alias': 'transmissionrepair', 'title': 'Transmission Repair'}], 'rating': 2.3, 'coordinates': {'latitude': 41.9434594, 'longitude': -87.7308131}, 'transactions': [], 'location': {'address1': '3415 N Milwaukee Ave', 'address2': '', 'address3': '', 'city': 'Chicago', 'zip_code': '60641', 'country': 'US', 'state': 'IL', 'display_address': ['3415 N Milwaukee Ave', 'Chicago, IL 60641']}, 'phone': '+17737360880', 'display_phone': '(773) 736-0880', 'distance': 6115.442300596768, 'business_hours': [{'open': [{'is_overnight': False, 'start': '0730', 'end': '1730', 'day': 0}, {'is_overnight': False, 'start': '0730', 'end': '1730', 'day': 1}, {'is_overnight': False, 'start': '0730', 'end': '1730', 'day': 2}, {'is_overnight': False, 'start': '0730', 'end': '1730', 'day': 3}, {'is_overnight': False, 'start': '0730', 'end': '1730', 'day': 4}, {'is_overnight': False, 'start': '0830', 'end': '1300', 'day': 5}], 'hours_type': 'REGULAR', 'is_open_now': False}], 'attributes': {'business_temp_closed': None, 'waitlist_reservation': None}}"
ORCHARD VILLAGE,7660 Gross Point Road,(847) 967-1800,True,"{'id': 'fJ-iYnEmqdXjvi0Mv6nCTg', 'alias': 'orchard-village-skokie-2', 'name': 'Orchard Village', 'image_url': 'https://s3-media4.fl.yelpcdn.com/bphoto/Yxhz5x-VeXA3646QgiL6Sw/o.jpg', 'is_closed': False, 'url': 'https://www.yelp.com/biz/orchard-village-skokie-2?adjust_creative=zsVA8YuumurWDSuwPf69Hw&utm_campaign=yelp_api_v3&utm_medium=api_v3_business_search&utm_source=zsVA8YuumurWDSuwPf69Hw', 'review_count': 2, 'categories': [{'alias': 'nonprofit', 'title': 'Community Service/Non-Profit'}], 'rating': 3.0, 'coordinates': {'latitude': 42.020964, 'longitude': -87.773347}, 'transactions': [], 'location': {'address1': '7660 Gross Point Rd', 'address2': None, 'address3': None, 'city': 'Skokie', 'zip_code': '60077', 'country': 'US', 'state': 'IL', 'display_address': ['7660 Gross Point Rd', 'Skokie, IL 60077']}, 'phone': '+18479671800', 'display_phone': '(847) 967-1800', 'distance': 15108.604689782765, 'business_hours': [], 'attributes': {'business_temp_closed': None, 'waitlist_reservation': None}}"
R and J ENTERPRISES COUNTRY LIVING INC,221 EAST AVE,(618) 833-7418,True,"{'id': 'Rq9cpBiN4IlWNVllhcFFFw', 'alias': 'abt-electronics-glenview-10', 'name': 'Abt Electronics', 'image_url': 'https://s3-media2.fl.yelpcdn.com/bphoto/JFuBrdz-tm3vWlD1wCdAlw/o.jpg', 'is_closed': False, 'url': 'https://www.yelp.com/biz/abt-electronics-glenview-10?adjust_creative=zsVA8YuumurWDSuwPf69Hw&utm_campaign=yelp_api_v3&utm_medium=api_v3_business_search&utm_source=zsVA8YuumurWDSuwPf69Hw', 'review_count': 2961, 'categories': [{'alias': 'electronics', 'title': 'Electronics'}, {'alias': 'furniture', 'title': 'Furniture Stores'}, {'alias': 'homeappliancerepair', 'title': 'Appliances & Repair'}], 'rating': 4.0, 'coordinates': {'latitude': 42.077846, 'longitude': -87.863583}, 'transactions': [], 'price': '$$', 'location': {'address1': '1200 N Milwaukee Ave', 'address2': '', 'address3': '', 'city': 'Glenview', 'zip_code': '60025', 'country': 'US', 'state': 'IL', 'display_address': ['1200 N Milwaukee Ave', 'Glenview, IL 60025']}, 'phone': '+18008603577', 'display_phone': '(800) 860-3577', 'distance': 24587.514578473536, 'business_hours': [{'open': [{'is_overnight': False, 'start': '0900', 'end': '1900', 'day': 0}, {'is_overnight': False, 'start': '0900', 'end': '1900', 'day': 1}, {'is_overnight': False, 'start': '0900', 'end': '1900', 'day': 2}, {'is_overnight': False, 'start': '0900', 'end': '1900', 'day': 3}, {'is_overnight': False, 'start': '0800', 'end': '1900', 'day': 4}, {'is_overnight': False, 'start': '0900', 'end': '1800', 'day': 5}, {'is_overnight': False, 'start': '1030', 'end': '1700', 'day': 6}], 'hours_type': 'REGULAR', 'is_open_now': False}], 'attributes': {'business_temp_closed': None, 'open24_hours': None, 'waitlist_reservation': None}}"
RAY GRAHAM ASSOCIATION,"901 Warrenville Road, Suite 500",630-620 2222,True,"{'id': 'rPPqBTrLET0ZqXQM_rgKmQ', 'alias': 'ray-graham-association-elmhurst', 'name': 'Ray Graham Association', 'image_url': '', 'is_closed': False, 'url': 'https://www.yelp.com/biz/ray-graham-association-elmhurst?adjust_creative=zsVA8YuumurWDSuwPf69Hw&utm_campaign=yelp_api_v3&utm_medium=api_v3_business_search&utm_source=zsVA8YuumurWDSuwPf69Hw', 'review_count': 1, 'categories': [{'alias': 'nonprofit', 'title': 'Community Service/Non-Profit'}], 'rating': 1.0, 'coordinates': {'latitude': 41.8750267028809, 'longitude': -87.9549179077148}, 'transactions': [], 'location': {'address1': '420 W Madison St', 'address2': '', 'address3': '', 'city': 'Elmhurst', 'zip_code': '60126', 'country': 'US', 'state': 'IL', 'display_address': ['420 W Madison St', 'Elmhurst, IL 60126']}, 'phone': '+16308344106', 'display_phone': '(630) 834-4106', 'distance': 23182.562394193075, 'business_hours': [], 'attributes': {'business_temp_closed': None, 'waitlist_reservation': None}}"
SPARC,232 BRUNS LANE,(217) 793-2100,True,"{'id': 'AR2ZsU42YdnWb6E9X8T-2w', 'alias': 'sparc-chiropractic-aurora-aurora', 'name': 'SPARC Chiropractic - Aurora', 'image_url': 'https://s3-media4.fl.yelpcdn.com/bphoto/VVmHAuTeuLXYPgoJom5aUA/o.jpg', 'is_closed': False, 'url': 'https://www.yelp.com/biz/sparc-chiropractic-aurora-aurora?adjust_creative=zsVA8YuumurWDSuwPf69Hw&utm_campaign=yelp_api_v3&utm_medium=api_v3_business_search&utm_source=zsVA8YuumurWDSuwPf69Hw', 'review_count': 15, 'categories': [{'alias': 'chiropractors', 'title': 'Chiropractors'}, {'alias': 'acupuncture', 'title': 'Acupuncture'}, {'alias': 'massage_therapy', 'title': 'Massage Therapy'}], 'rating': 5.0, 'coordinates': {'latitude': 41.74063, 'longitude': -88.22962}, 'transactions': [], 'location': {'address1': '896 S Frontenac St', 'address2': 'Ste 100', 'address3': '', 'city': 'Aurora', 'zip_code': '60504', 'country': 'US', 'state': 'IL', 'display_address': ['896 S Frontenac St', 'Ste 100', 'Aurora, IL 60504']}, 'phone': '+16308002720', 'display_phone': '(630) 800-2720', 'distance': 49252.00261948644, 'business_hours': [{'open': [{'is_overnight': False, 'start': '0900', 'end': '1300', 'day': 0}, {'is_overnight': False, 'start': '1500', 'end': '1900', 'day': 0}, {'is_overnight': False, 'start': '0800', 'end': '1400', 'day': 4}], 'hours_type': 'REGULAR', 'is_open_now': False}], 'attributes': {'business_temp_closed': None, 'menu_url': 'https://www.sparcchiropractic.com/acupuncture', 'waitlist_reservation': None}}"
STATE OF MIND MENTAL HEALTH AND COUNSELING SERVICES,17911 LOS ANGELES AVE,(773) 807-2144,True,"{'id': '2EfvnikLa1HK0O3ulMpkEQ', 'alias': 'individual-and-family-connection-chicago', 'name': 'Individual And Family Connection', 'image_url': 'https://s3-media2.fl.yelpcdn.com/bphoto/XvA1di-wk6HDQGBYgHUv7w/o.jpg', 'is_closed': False, 'url': 'https://www.yelp.com/biz/individual-and-family-connection-chicago?adjust_creative=zsVA8YuumurWDSuwPf69Hw&utm_campaign=yelp_api_v3&utm_medium=api_v3_business_search&utm_source=zsVA8YuumurWDSuwPf69Hw', 'review_count': 17, 'categories': [{'alias': 'c_and_mh', 'title': 'Counseling & Mental Health'}], 'rating': 4.4, 'coordinates': {'latitude': 41.91455044589513, 'longitude': -87.6777823562086}, 'transactions': [], 'location': {'address1': '1806 N Damen Ave', 'address2': '', 'address3': '', 'city': 'Chicago', 'zip_code': '60647', 'country': 'US', 'state': 'IL', 'display_address': ['1806 N Damen Ave', 'Chicago, IL 60647']}, 'phone': '+17732700469', 'display_phone': '(773) 270-0469', 'distance': 1044.2524929015576, 'business_hours': [{'open': [{'is_overnight': False, 'start': '0700', 'end': '2030', 'day': 0}, {'is_overnight': False, 'start': '0700', 'end': '2030', 'day': 1}, {'is_overnight': False, 'start': '0700', 'end': '2030', 'day': 2}, {'is_overnight': False, 'start': '0700', 'end': '2030', 'day': 3}, {'is_overnight': False, 'start': '1100', 'end': '1800', 'day': 4}, {'is_overnight': False, 'start': '0800', 'end': '1600', 'day': 5}, {'is_overnight': False, 'start': '0900', 'end': '1600', 'day': 6}], 'hours_type': 'REGULAR', 'is_open_now': True}], 'attributes': {'business_temp_closed': None, 'waitlist_reservation': None}}"
STEINBERG BEHAVIOR SOLUTIONS,3109 W NORTH SHORE AVE,(847) 676-5398,True,"{'id': 'v9TtwkqVDsA7Sju7PEmq6w', 'alias': 'steinberg-behavior-solutions-chicago', 'name': 'Steinberg Behavior Solutions', 'image_url': 'https://s3-media4.fl.yelpcdn.com/bphoto/hjxzd8hhlT3NpYIUboUqBw/o.jpg', 'is_closed': False, 'url': 'https://www.yelp.com/biz/steinberg-behavior-solutions-chicago?adjust_creative=zsVA8YuumurWDSuwPf69Hw&utm_campaign=yelp_api_v3&utm_medium=api_v3_business_search&utm_source=zsVA8YuumurWDSuwPf69Hw', 'review_count': 1, 'categories': [{'alias': 'c_and_mh', 'title': 'Counseling & Mental Health'}, {'alias': 'behavioranalysts', 'title': 'Behavior Analysts'}], 'rating': 5.0, 'coordinates': {'latitude': 42.003483, 'longitude': -87.707418}, 'transactions': [], 'location': {'address1': '3109 W N Shore Ave', 'address2': '', 'address3': '', 'city': 'Chicago', 'zip_code': '60076', 'country': 'US', 'state': 'IL', 'display_address': ['3109 W N Shore Ave', 'Chicago, IL 60076']}, 'phone': '+18476765398', 'display_phone': '(847) 676-5398', 'distance': 11207.503283532438, 'business_hours': [{'open': [{'is_overnight': False, 'start': '0900', 'end': '1700', 'day': 0}, {'is_overnight': False, 'start': '0900', 'end': '1700', 'day': 1}, {'is_overnight': False, 'start': '0900', 'end': '1700', 'day': 2}, {'is_overnight': False, 'start': '0900', 'end': '1700', 'day': 3}, {'is_overnight': False, 'start': '0900', 'end': '1700', 'day': 4}], 'hours_type': 'REGULAR', 'is_open_now': False}], 'attributes': {'business_temp_closed': None, 'waitlist_reservation': None}}"
"Supporting Community Independence, LLC",1 Polo Grounds Ct,(618) 806-4344,True,"{'formatted_address': '1 Polo Grounds Court, Bethalto, IL 62010, USA', 'name': '1 Polo Grounds Court', 'place_id': 'ChIJ1y5hwqVe34cRKWVefoROsZ8'}"
THE ARC OF THE QUAD CITIES AREA,4016 9th St,(309) 786-6474,True,"{'id': 'pbEiXam9YJL3neCYHGwLUA', 'alias': 'alinea-chicago', 'name': 'Alinea', 'image_url': 'https://s3-media2.fl.yelpcdn.com/bphoto/tuT7zIGF0ChsjyMwHWMPwQ/o.jpg', 'is_closed': False, 'url': 'https://www.yelp.com/biz/alinea-chicago?adjust_creative=zsVA8YuumurWDSuwPf69Hw&utm_campaign=yelp_api_v3&utm_medium=api_v3_business_search&utm_source=zsVA8YuumurWDSuwPf69Hw', 'review_count': 2693, 'categories': [{'alias': 'newamerican', 'title': 'New American'}, {'alias': 'modern_european', 'title': 'Modern European'}], 'rating': 4.4, 'coordinates': {'latitude': 41.9134194160823, 'longitude': -87.6482384681229}, 'transactions': ['pickup'], 'price': '$$$$', 'location': {'address1': '1723 N Halsted St', 'address2': '', 'address3': '', 'city': 'Chicago', 'zip_code': '60614', 'country': 'US', 'state': 'IL', 'display_address': ['1723 N Halsted St', 'Chicago, IL 60614']}, 'phone': '+13128670110', 'display_phone': '(312) 867-0110', 'distance': 2610.289488504425, 'business_hours': [{'open': [{'is_overnight': False, 'start': '1700', 'end': '2200', 'day': 0}, {'is_overnight': False, 'start': '1700', 'end': '2200', 'day': 1}, {'is_overnight': False, 'start': '1700', 'end': '2200', 'day': 2}, {'is_overnight': False, 'start': '1700', 'end': '2200', 'day': 3}, {'is_overnight': False, 'start': '1700', 'end': '2200', 'day': 4}, {'is_overnight': False, 'start': '1700', 'end': '2200', 'day': 5}, {'is_overnight': False, 'start': '1700', 'end': '2200', 'day': 6}], 'hours_type': 'REGULAR', 'is_open_now': True}], 'attributes': {'business_temp_closed': None, 'menu_url': None, 'open24_hours': None, 'waitlist_reservation': None}}"
TRINITY SERVICES INC,301 Veterans Parkway,(815) 485-6197,True,"{'formatted_address': '301 Veterans Pkwy, New Lenox, IL 60451, United States', 'name': 'Trinity Services, Inc.', 'place_id': 'ChIJJTvrwdpoDogRR7kY3-kXoY8'}"
UNITED CEREBRAL PALSY SEGUIN OF GREATER CHICAGO,3100 South Central Ave,(708) 863-3803,True,"{'formatted_address': '3100 Central Ave, University Park, IL 60484, USA', 'name': '3100 Central Ave', 'place_id': 'EjAzMTAwIENlbnRyYWwgQXZlLCBVbml2ZXJzaXR5IFBhcmssIElMIDYwNDg0LCBVU0EiMRIvChQKEgkL9OC_uhEOiBHmuLjtN889hxCcGCoUChIJc_qBA789DogRy8rv7ac14gY'}"
