Name,Address,Phone Number
Community Access Naperville,"25 E Benton Ave, Naperville, IL 60540, USA",(630) 352-1928
Association for Individual Development (AID),"309 W New Indian Trail Ct, Aurora, IL 60506, USA",(630) 966-4000
Disability Awareness,"1141 Iroquois Ave APT 109, Naperville, IL 60563, USA",(630) 948-4431
Happy Place Family Services Naperville,"1272 Bond St suite 102, Naperville, IL 60563, USA",(866) 542-7797
PremierCare | MyDay | MyClub,"1811 High Grove Ln Suite 139, Naperville, IL 60540, USA",(630) 579-4325
Disability Resource Center,"77 129th Infantry Dr, Joliet, IL 60435, USA",(815) 729-0162
Riverwalk Adult Day Services,"305 Jackson Ave #5204, Naperville, IL 60540, USA",(630) 357-8166
Naperville Senior Center Adult Day Care,"1504 N Naper Blvd Suite 120, Naperville, IL 60563, USA",(630) 857-3017
MedTec - Senior Day Center,"1415 Bond St STE 111, Naperville, IL 60563, USA",(630) 995-3408
"Community Support Services, Inc","9021 Ogden Ave, Brookfield, IL 60513, USA",(708) 354-4547
DayOne PACT,"550 Warrenville Rd Suite 100B, Lisle, IL 60532, USA",(630) 960-9700
Little Friends,"27555 Diehl Rd, Warrenville, IL 60555, USA",(630) 355-6533
Shady Oaks Developmental Training Center of LSSI,"16248 S Parker Rd, Homer Glen, IL 60491, USA",(708) 301-3885
Ray Graham Association: Elmhurst Community Learning Services,"420 W Madison St, Elmhurst, IL 60126, USA",(630) 834-4106
Illinois Independent Living,"1141 Iroquois Ave # 104, Naperville, IL 60563, USA",(630) 357-0077
Alden Springs - Intermediate Care Facility for the Developmentally Disabled,"207 Army Trail Rd, Bloomingdale, IL 60108, USA",(630) 523-5783
Turning Pointe Autism Foundation,"1500 W Ogden Ave, Naperville, IL 60540, USA",(630) 570-7948
New Horizon Center for Children & Adults with Disabilities & Autism,"6737 W Forest Preserve Dr, Chicago, IL 60634, USA",(773) 286-6226
Ride Assist Naperville,"790 Royal St George Dr, Naperville, IL 60563, USA",(331) 330-2257
